{"stopItem":{},"codeItem":[{"uname":"class_core_1_1_kernel_initializator_1a8327efe70777b478e82105ee6399260d","posX":-522.45128704301339,"posY":23.981087880136016},{"uname":"class_core_1_1_kernel_initializator_1a74ca163691e0664da0c385920d922524","posX":-522.456265729264,"posY":-4.0901018453877915},{"uname":"class_core_1_1_kernel_initializator_1a231a1722c1a1bb079cc92357458d119f","posX":-522.43461192645486,"posY":49.574141789639206}],"codeData":{},"edgeItem":[],"edgeData":[],"scheme":{},"extension":[],"anchorItem":[],"macro":[],"config":{"layout":1,"uilayout":2}}